{"_wandb":{"runtime":967},"_runtime":957.539612973,"_step":47,"batch_loss":5.875374794006348,"epoch":0,"_timestamp":1.7380834674828444e+09}