{"_timestamp":1.7380823317266548e+09,"_wandb":{"runtime":834},"_runtime":827.707529872,"_step":38,"batch_loss":8.892532059689984e-05,"epoch":0}