{"batch_loss":11.672348976135254,"epoch":0,"_wandb":{"runtime":387},"step":0,"_timestamp":1.738084127459664e+09,"_runtime":342.063958079,"_step":0}